{"cameraMode":{"drawMode":0,"name":"Shaded","section":"Shading Mode"},"sceneLighting":true,"audioPlay":false,"sceneViewState":{"m_AlwaysRefresh":false,"showFog":true,"showSkybox":true,"showFlares":true,"showImageEffects":true,"showParticleSystems":true,"showVisualEffectGraphs":true,"m_FxEnabled":true},"in2DMode":false,"pivot":{"x":-0.4064791798591614,"y":3.5309860706329347,"z":-2.349682569503784},"rotation":{"x":-0.3778551518917084,"y":-0.02552962303161621,"z":0.010621372610330582,"w":-0.9255350232124329},"size":0.8660253882408142,"orthographic":false}