{"cameraMode":{"drawMode":0,"name":"Shaded","section":"Shading Mode"},"sceneLighting":true,"audioPlay":false,"sceneViewState":{"m_AlwaysRefresh":false,"showFog":true,"showSkybox":true,"showFlares":true,"showImageEffects":true,"showParticleSystems":true,"showVisualEffectGraphs":true,"m_FxEnabled":true},"in2DMode":false,"pivot":{"x":0.45641443133354189,"y":4.155586242675781,"z":3.9213807582855226},"rotation":{"x":-0.04224545881152153,"y":-0.9306657314300537,"z":0.34522345662117007,"w":-0.11392607539892197},"size":0.057258084416389468,"orthographic":false}